
<hibernate-configuration>
<session-factory>
<property name="format_sql">false</property>
<property name="connection.url">jdbc:mysql://localhost:8080/product</property>
<property name="connection.driver_class">com.mysql.cj.jdbc.Driver</property>
<property name="connection.username">root</property>
<property name="connection.password">Vimala@sql14</property>
<!--  JDBC connection pool (use the built-in)  -->
<property name="connection.pool_size">1</property>
<!--  SQL dialect  -->
<property name="dialect">org.hibernate.dialect.MySQL5Dialect</property>
<!--  Disable the second-level cache   -->
<property name="cache.provider_class">org.hibernate.cache.internal.NoCacheProvider</property>
<!--  Echo all executed SQL to stdout  -->
<property name="show_sql">true</property>
<!--  Drop and re-create the database schema on startup  -->
<property name="hbm2ddl.auto">update</property>
<!--   <property name="hbm2ddl.auto">update</property>  -->
<mapping resource="product.hbm.xml"/>
</session-factory>
</hibernate-configuration>