<?xml version="1.0" encoding="UTF-8"?>
<beans xmlns="http://www.springframework.org/schema/beans"
	xmlns:xsi="http://www.w3.org/2001/XMLSchema-instance"
	xmlns:context="http://www.springframework.org/schema/context"
	xmlns:p="http://www.springframework.org/schema/p"
	xmlns:tx="http://www.springframework.org/schema/tx"
	xsi:schemaLocation="http://www.springframework.org/schema/beans
 http://www.springframework.org/schema/beans/spring-beans.xsd
 http://www.springframework.org/schema/context
 http://www.springframework.org/schema/context/spring-context.xsd
 http://www.springframework.org/schema/tx
 http://www.springframework.org/schema/tx/spring-tx.xsd">

	<context:component-scan base-package="springmvcorm.controller" />

	<bean name="viewResolver" class="org.springframework.web.servlet.view.InternalResourceViewResolver">
		<property name="prefix">
			<value>/WEB-INF/views/</value>
		</property>
		<property name="suffix">
			<value>.jsp</value>
		</property>
	</bean>
	
	<context:component-scan
		base-package="springmvcorm.dao.impl" />
		
	<context:component-scan
		base-package="springmvcorm.service.impl" />		

	<bean name="datasource"
		class="org.springframework.jdbc.datasource.DriverManagerDataSource"
		p:driverClassName="com.mysql.jdbc.Driver"
		p:url="jdbc:mysql://localhost:3306/mydb" p:username="root"
		p:password="Vimala@sql14" />

	<bean name="sessionFactory"
		class="org.springframework.orm.hibernate5.LocalSessionFactoryBean">
		<property name="dataSource" ref="datasource" />
		<property name="hibernateProperties">
			<props>
				<prop key="hibernate.dialect">org.hibernate.dialect.MySQL57Dialect</prop>
				<prop key="hibernate.show_sql">true</prop>
			</props>
		</property>
		<property name="annotatedClasses">
			<list>
				<value>springmvcorm.entity.User</value>
			</list>
		</property>
	</bean>


	<bean name="hibernateTemplate"
		class="org.springframework.orm.hibernate5.HibernateTemplate"
		p:sessionFactory-ref="sessionFactory" />


	<bean name="transactionManager"
		class="org.springframework.orm.hibernate5.HibernateTransactionManager" 
		p:sessionFactory-ref="sessionFactory" />
		
	<tx:annotation-driven />
	

</beans>	