<?xml version="1.0" encoding="UTF-8"?>
<!DOCTYPE suite SYSTEM "https://testng.org/testng-1.0.dtd">
<suite name="Suite">
	<test thread-count="5" name="SmokeTests">
		<groups>
			<run>
				<include name="Smoke" />
			</run>
		</groups>
		<classes>
			<class name="loanapplications.PersonalLoanApplicationTests" />
			<class name="loanapplications.HomeLoanApplicationTests" />
			<class name="loanapplications.CarLoanApplicationTests" />
		</classes>
	</test> <!-- Test -->
	
</suite> <!-- Suite -->