<?xml version="1.0" encoding="UTF-8"?>
<!DOCTYPE suite SYSTEM "https://testng.org/testng-1.0.dtd">
<suite name="Suite">
	<test thread-count="5" name="HomeLoanTests">
		<classes>
			<class name="loanapplications.HomeLoanApplicationTests">
				<methods>
					<exclude name="HomeLoanLoginWeb" />
					<exclude name="HomeLoanLoginMobile" />
				</methods>
			</class>
		</classes>
	</test> <!-- Test -->
	<test thread-count="5" name="PersonalLoanTests">
		<classes>
			<class name="loanapplications.PersonalLoanApplicationTests">
				<methods>
					<exclude name="PersonalLoanLoginWeb" />
					<exclude name="PersonalLoanLoginMobile" />
				</methods>
			</class>
		</classes>
	</test> <!-- Test -->
	<test thread-count="5" name="CarLoanTests">
		<classes>
			<class name="loanapplications.CarLoanApplicationTests">
				<methods>
					<exclude name="CarLoanLoginWeb" />
					<exclude name="CarLoanLoginMobile" />
				</methods>
			</class>
		</classes>
	</test> <!-- Test -->
</suite> <!-- Suite -->