<?xml version="1.0" encoding="UTF-8"?>
<beans xmlns="http://www.springframework.org/schema/beans"
	xmlns:xsi="http://www.w3.org/2001/XMLSchema-instance"
	xmlns:context="http://www.springframework.org/schema/context"
	xmlns:p="http://www.springframework.org/schema/p"
	xsi:schemaLocation="http://www.springframework.org/schema/beans
 http://www.springframework.org/schema/beans/spring-beans.xsd
 http://www.springframework.org/schema/context
 http://www.springframework.org/schema/context/spring-context.xsd">
 
 <bean name="emp" class="SpringDemo.Employee"
		p:id="22" p:name="John">
		<property name="address">
			<bean class="SpringDemo.Address"
				p:houseNumber="123" p:street="main street" p:city="NY" />
		</property>
	</bean>

	
	<bean name="hospital" class="SpringDemo.Hospital">
		<property name="name" value="Global Hospitals" />
		<property name="departments">
			<value>Casualty</value>
		</property>
	</bean>
	
	<bean name="cardealer"
		class="SpringDemo.CarDealer">
		<property name="name" value="ABC Motors" />
		<property name="models">
			<set>
				<value>Hyundai</value>
				<value>Honda</value>
				<value>Maruti</value>
				<value>Hyundai</value>
			</set>
		</property>
	</bean>
	
	<bean name="customer" class="SpringDemo.Customer"
		p:id="37">
		<property name="products">
			<map>
				<entry key="100" value="IPhone" />
				<entry key="200" value="Laptop" />
				<entry key="300" value="Mobile" />
				<entry key="400" value="Mouse" />
				<entry key="500" value="Keyboard" />
			</map>
		</property>
	</bean>
	
	<bean name="countries"
		class="SpringDemo.CountriesAndLanguages">
		<property name="countryLanguages">
			<props>
				<prop key="USA">English</prop>
				<prop key="Canada">French</prop>
				<prop key="Germany">German</prop>
				<prop key="Japan">Japanese</prop>
			</props>
		</property>
	</bean>
	<bean name="scores" class="SpringDemo.Scores"
		p:math="80" p:physics="87" p:chemistry="76" />

	 <bean name="student" class="SpringDemo.Student"> 
	 	<property name="scores"> 
	 		<ref bean="scores" />
	 	 </property>
	  </bean> 
	<bean name="patient" class="SpringDemo.Patient"
		p:id="11" />
	
	
	
	</beans>